Quarter hourly Belpex © Elexys,,
,,
Datum,Time,Euro
13/05/2026,23u00,€ 124.87
13/05/2026,22u00,€ 133.68
13/05/2026,21u00,€ 151.71
13/05/2026,20u00,€ 150.00
13/05/2026,19u00,€ 116.37
13/05/2026,18u00,€ 99.04
13/05/2026,17u00,€ 69.16
13/05/2026,16u00,€ 58.94
13/05/2026,15u00,€ 53.71
13/05/2026,14u00,€ 49.79
13/05/2026,13u00,€ 64.88
13/05/2026,12u00,€ 71.30
13/05/2026,11u00,€ 69.46
13/05/2026,10u00,€ 76.41
13/05/2026,9u00,€ 109.27
13/05/2026,8u00,€ 134.74
13/05/2026,7u00,€ 131.17
13/05/2026,6u00,€ 107.41
13/05/2026,5u00,€ 105.31
13/05/2026,4u00,€ 94.71
13/05/2026,3u00,€ 90.00
13/05/2026,2u00,€ 99.59
13/05/2026,1u00,€ 104.68
13/05/2026,0u00,€ 119.45
12/05/2026,23u00,€ 125.37
12/05/2026,22u00,€ 136.48
12/05/2026,21u00,€ 147.11
12/05/2026,20u00,€ 130.63
12/05/2026,19u00,€ 108.60
12/05/2026,18u00,€ 88.90
12/05/2026,17u00,€ 57.72
12/05/2026,16u00,€ 37.80
12/05/2026,15u00,€ 30.47
12/05/2026,14u00,€ 30.00
12/05/2026,13u00,€ 31.89
12/05/2026,12u00,€ 51.81
12/05/2026,11u00,€ 66.78
12/05/2026,10u00,€ 95.15
12/05/2026,9u00,€ 108.53
12/05/2026,8u00,€ 125.05
12/05/2026,7u00,€ 125.77
12/05/2026,6u00,€ 100.10
12/05/2026,5u00,€ 85.74
12/05/2026,4u00,€ 83.70
12/05/2026,3u00,€ 89.79
12/05/2026,2u00,€ 88.90
12/05/2026,1u00,€ 98.93
12/05/2026,0u00,€ 106.14
,,
,,
,,
,,
,,
,,
,,
,,
,,
,,
,,
,,
,,
,,
,,
,,
,,
,,
,,
,,
,,
,,
,,
,,
,,
,,
,,
,,
,,
,,
,,
,,
,,
,,
,,
,,
,,
,,
,,
,,
,,
,,
,,
,,
,,
,,
,,
,,
,,
,,
,,
,,
,,
,,
,,
,,
,,
,,
,,
,,
,,
,,
,,
,,
,,
,,
,,
,,
,,
,,
,,
,,
,,
,,
,,
,,
,,
,,
,,
,,
,,
,,
,,
,,
,,
,,
,,
,,
,,
,,
,,
,,
,,
,,
,,
,,
,,
,,
,,
,,
,,
,,
,,
,,
,,
,,
,,
,,
,,
,,
,,
,,
,,
,,
,,
,,
,,
,,
,,
,,
,,
,,
,,
,,
,,
,,
,,
,,
,,
,,
,,
,,
,,
,,
,,
,,
,,
,,
,,
,,
,,
,,
,,
